Method,Job,AnalyzeLaunchVariance,EvaluateOverhead,MaxAbsoluteError,MaxRelativeError,MinInvokeCount,MinIterationTime,OutlierMode,Affinity,EnvironmentVariables,Jit,LargeAddressAware,Platform,PowerPlanMode,Runtime,AllowVeryLargeObjects,Concurrent,CpuGroups,Force,HeapAffinitizeMask,HeapCount,NoAffinitize,RetainVm,Server,Arguments,BuildConfiguration,Clock,EngineFactory,NuGetReferences,Toolchain,IsMutator,InvocationCount,IterationCount,IterationTime,LaunchCount,MaxIterationCount,MaxWarmupIterationCount,MemoryRandomization,MinIterationCount,MinWarmupIterationCount,RunStrategy,UnrollFactor,WarmupCount,GzipPath,Mean,Error,StdDev,Gen0,Gen1,Gen2,Allocated
Run,Job-WVZWEC,False,Default,Default,Default,Default,Default,Default,0000000000,Empty,RyuJit,Default,Arm64,8c5e7fda-e8bf-4a96-9a85-a6e23a8c635c,NativeAOT 8.0,False,True,False,True,Default,Default,False,False,False,Default,Default,Default,Default,Default,Default,Default,1,Default,Default,Default,6,Default,Default,5,Default,Default,1,Default,12288000,"28,798.9 ms",489.51 ms,75.75 ms,1000.0000,-,-,8048.32 KB
Run,Job-WVZWEC,False,Default,Default,Default,Default,Default,Default,0000000000,Empty,RyuJit,Default,Arm64,8c5e7fda-e8bf-4a96-9a85-a6e23a8c635c,NativeAOT 8.0,False,True,False,True,Default,Default,False,False,False,Default,Default,Default,Default,Default,Default,Default,1,Default,Default,Default,6,Default,Default,5,Default,Default,1,Default,1536000,"3,607.1 ms",57.78 ms,15.01 ms,-,-,-,1117.21 KB
Run,Job-WVZWEC,False,Default,Default,Default,Default,Default,Default,0000000000,Empty,RyuJit,Default,Arm64,8c5e7fda-e8bf-4a96-9a85-a6e23a8c635c,NativeAOT 8.0,False,True,False,True,Default,Default,False,False,False,Default,Default,Default,Default,Default,Default,Default,1,Default,Default,Default,6,Default,Default,5,Default,Default,1,Default,192000,447.3 ms,8.89 ms,3.17 ms,-,-,-,242.03 KB
Run,Job-WVZWEC,False,Default,Default,Default,Default,Default,Default,0000000000,Empty,RyuJit,Default,Arm64,8c5e7fda-e8bf-4a96-9a85-a6e23a8c635c,NativeAOT 8.0,False,True,False,True,Default,Default,False,False,False,Default,Default,Default,Default,Default,Default,Default,1,Default,Default,Default,6,Default,Default,5,Default,Default,1,Default,196608000,"470,618.2 ms","6,305.61 ms",975.80 ms,24000.0000,12000.0000,4000.0000,127359.36 KB
Run,Job-WVZWEC,False,Default,Default,Default,Default,Default,Default,0000000000,Empty,RyuJit,Default,Arm64,8c5e7fda-e8bf-4a96-9a85-a6e23a8c635c,NativeAOT 8.0,False,True,False,True,Default,Default,False,False,False,Default,Default,Default,Default,Default,Default,Default,1,Default,Default,Default,6,Default,Default,5,Default,Default,1,Default,24576000,"58,243.6 ms",243.02 ms,63.11 ms,2000.0000,1000.0000,-,15985.77 KB
Run,Job-WVZWEC,False,Default,Default,Default,Default,Default,Default,0000000000,Empty,RyuJit,Default,Arm64,8c5e7fda-e8bf-4a96-9a85-a6e23a8c635c,NativeAOT 8.0,False,True,False,True,Default,Default,False,False,False,Default,Default,Default,Default,Default,Default,Default,1,Default,Default,Default,6,Default,Default,5,Default,Default,1,Default,3072000,"7,254.9 ms",51.14 ms,13.28 ms,-,-,-,2120.14 KB
Run,Job-WVZWEC,False,Default,Default,Default,Default,Default,Default,0000000000,Empty,RyuJit,Default,Arm64,8c5e7fda-e8bf-4a96-9a85-a6e23a8c635c,NativeAOT 8.0,False,True,False,True,Default,Default,False,False,False,Default,Default,Default,Default,Default,Default,Default,1,Default,Default,Default,6,Default,Default,5,Default,Default,1,Default,384000,906.0 ms,8.85 ms,2.30 ms,-,-,-,371.93 KB
Run,Job-WVZWEC,False,Default,Default,Default,Default,Default,Default,0000000000,Empty,RyuJit,Default,Arm64,8c5e7fda-e8bf-4a96-9a85-a6e23a8c635c,NativeAOT 8.0,False,True,False,True,Default,Default,False,False,False,Default,Default,Default,Default,Default,Default,Default,1,Default,Default,Default,6,Default,Default,5,Default,Default,1,Default,48000,111.6 ms,2.40 ms,0.86 ms,-,-,-,145.18 KB
Run,Job-WVZWEC,False,Default,Default,Default,Default,Default,Default,0000000000,Empty,RyuJit,Default,Arm64,8c5e7fda-e8bf-4a96-9a85-a6e23a8c635c,NativeAOT 8.0,False,True,False,True,Default,Default,False,False,False,Default,Default,Default,Default,Default,Default,Default,1,Default,Default,Default,6,Default,Default,5,Default,Default,1,Default,49152000,"116,718.5 ms","1,142.09 ms",296.60 ms,6000.0000,3000.0000,1000.0000,31847.08 KB
Run,Job-WVZWEC,False,Default,Default,Default,Default,Default,Default,0000000000,Empty,RyuJit,Default,Arm64,8c5e7fda-e8bf-4a96-9a85-a6e23a8c635c,NativeAOT 8.0,False,True,False,True,Default,Default,False,False,False,Default,Default,Default,Default,Default,Default,Default,1,Default,Default,Default,6,Default,Default,5,Default,Default,1,Default,6144000,"14,552.6 ms",96.16 ms,14.88 ms,-,-,-,4095.09 KB
Run,Job-WVZWEC,False,Default,Default,Default,Default,Default,Default,0000000000,Empty,RyuJit,Default,Arm64,8c5e7fda-e8bf-4a96-9a85-a6e23a8c635c,NativeAOT 8.0,False,True,False,True,Default,Default,False,False,False,Default,Default,Default,Default,Default,Default,Default,1,Default,Default,Default,6,Default,Default,5,Default,Default,1,Default,768000,"1,812.6 ms",17.03 ms,4.42 ms,-,-,-,632.58 KB
Run,Job-WVZWEC,False,Default,Default,Default,Default,Default,Default,0000000000,Empty,RyuJit,Default,Arm64,8c5e7fda-e8bf-4a96-9a85-a6e23a8c635c,NativeAOT 8.0,False,True,False,True,Default,Default,False,False,False,Default,Default,Default,Default,Default,Default,Default,1,Default,Default,Default,6,Default,Default,5,Default,Default,1,Default,96000,224.8 ms,6.23 ms,2.22 ms,-,-,-,177.43 KB
Run,Job-WVZWEC,False,Default,Default,Default,Default,Default,Default,0000000000,Empty,RyuJit,Default,Arm64,8c5e7fda-e8bf-4a96-9a85-a6e23a8c635c,NativeAOT 8.0,False,True,False,True,Default,Default,False,False,False,Default,Default,Default,Default,Default,Default,Default,1,Default,Default,Default,6,Default,Default,5,Default,Default,1,Default,98304000,"235,389.1 ms","4,179.46 ms","1,085.39 ms",12000.0000,6000.0000,2000.0000,63757.53 KB
